2,"cc->linkedlist_addition;cc->carry","cc->arrays->linkedlist->linkedlist_addition;cc->math->addition->carry","cc->data_structures->arrays->linkedlist->linkedlist_addition;cc->mathematics->addition->carry",
3,"cc->sliding_window;cc->hashing","cc->two_pointers->sliding_window;cc->foundation->hashing","cc->data_structures->two_pointers->sliding_window;cc->computer_science_basics->hashing",
5,"cc->expand_around_center;cc->dp","cc->foundation->expand_around_center;cc->algorithm_basics->dp","cc->data_structures->strings->expand_around_center;cc->algorithm_design->dp",
7,"cc->math_manipulations;cc->handle_overflow","cc->foundation->math_manipulations;cc->foundation->handle_overflow","cc->mathematics->math_manipulations;cc->computer_arithmetic->handle_overflow",
8,"cc->string_parsing;cc->edge_cases","cc->foundation->string_parsing;cc->foundation->edge_cases","cc->data_structures->strings->string_parsing;cc->computer_science_basics->edge_cases",
11,"cc->two_pointer_approach","cc->foundation->two_pointer_approach","cc->data_structures->two_pointers->two_pointer_approach",
15,"cc->sorting;cc->two_pointer","cc->foundation->sorting;cc->two_pointers->two_pointer","cc->data_structures->sorting->sorting;cc->data_structures->two_pointers->two_pointer",
16,"cc->sorting;cc->two_pointer","cc->foundation->sorting;cc->two_pointers->two_pointer","cc->data_structures->sorting->sorting;cc->data_structures->two_pointers->two_pointer",
17,"cc->backtracking;cc->phone_keypad_mapping","cc->algorithm_basics->backtracking;cc->foundation->phone_keypad_mapping","cc->algorithm_design->backtracking->backtracking;cc->data_structures->mappings->phone_keypad_mapping",
18,"cc->sorting;cc->two_pointer","cc->foundation->sorting;cc->two_pointers->two_pointer","cc->data_structures->sorting->sorting;cc->data_structures->two_pointers->two_pointer",
19,"cc->linked_list;cc->fast_slow_pointer","cc->arrays->linked_list;cc->foundation->fast_slow_pointer","cc->data_structures->arrays->linkedlist;cc->algorithm_design->fast_slow_pointer",
22,"cc->backtracking_with_constraints","cc->backtracking->backtracking_with_constraints","cc->algorithm_design->backtracking->backtracking_with_constraints",
24,"cc->linked_list_node_swaps","cc->linked_list->linked_list_node_swaps","cc->data_structures->linkedlist->linked_list_node_swaps",
29,"cc->math;cc->bit_manipulation","cc->foundation->math;cc->foundation->bit_manipulation","cc->mathematics->math;cc->computer_arithmetic->bit_manipulation",
31,"cc->permutation_rearrangement","cc->foundation->permutation_rearrangement","cc->algorithm_basics->permutation_rearrangement",
33,"cc->binary_search_variant","cc->binary_search->binary_search_variant","cc->algorithm_design->binary_search->binary_search_variant",
34,"cc->binary_search_boundaries","cc->binary_search->binary_search_boundaries","cc->algorithm_design->binary_search->binary_search_boundaries",
36,"cc->hash_sets_for_row_col_box","cc->foundation->hash_sets_for_row_col_box","cc->data_structures->hash_set->hash_sets_for_row_col_box",
38,"cc->string_generation_pattern","cc->foundation->string_generation_pattern","cc->algorithm_basics->string_generation_pattern",
40,"cc->backtracking_with_sorted_input","cc->backtracking->backtracking_with_sorted_input","cc->algorithm_design->backtracking->backtracking_with_sorted_input",
43,"cc->string_multiplication_simulation","cc->foundation->string_multiplication_simulation","cc->algorithm_basics->string_multiplication_simulation",
46,"cc->backtracking;cc->swapping","cc->algorithm_basics->backtracking;cc->foundation->swapping","cc->algorithm_design->backtracking->backtracking;cc->data_structures->swapping",
48,"cc->matrix_transpose;cc->reverse","cc->foundation->matrix_transpose;cc->foundation->reverse","cc->data_structures->matrix->matrix_transpose;cc->data_structures->matrix->reverse",
49,"cc->hashing_by_sorted_key_or_char_count","cc->foundation->hashing_by_sorted_key_or_char_count","cc->data_structures->hash_set->hashing_by_sorted_key_or_char_count",
50,"cc->fast_exponentiation","cc->foundation->fast_exponentiation","cc->mathematics->exponentiation->fast_exponentiation",
53,"cc->kadanes_algorithm","cc->foundation->kadanes_algorithm","cc->algorithm_design->dp->kadanes_algorithm",
54,"cc->simulation_of_boundary_loops","cc->foundation->simulation_of_boundary_loops","cc->algorithm_basics->simulation->simulation_of_boundary_loops",
55,"cc->greedy_max_reach","cc->greedy->greedy_max_reach","cc->algorithm_design->greedy->greedy_max_reach",
56,"cc->sorting;cc->merging","cc->foundation->sorting;cc->foundation->merging","cc->data_structures->sorting->sorting;cc->algorithm_basics->merging",
57,"cc->intervals;cc->merging","cc->foundation->intervals;cc->foundation->merging","cc->data_structures->intervals->intervals;cc->algorithm_design->merging",
62,"cc->combinatorics;cc->dp","cc->foundation->combinatorics;cc->algorithm_basics->dp","cc->mathematics->combinatorics;cc->algorithm_design->dp",
63,"cc->dp_with_obstacle_handling","cc->dp->dp_with_obstacle_handling","cc->algorithm_design->dp->dp_with_obstacle_handling",
71,"cc->stack_for_directories","cc->stack->stack_for_directories","cc->data_structures->stack->stack_for_directories",
72,"cc->dp_for_string_transformations","cc->dp->dp_for_string_transformations","cc->algorithm_design->dp->dp_for_string_transformations",
73,"cc->matrix_marking_approach","cc->foundation->matrix_marking_approach","cc->data_structures->matrix->matrix_marking_approach",
75,"cc->dutch_national_flag_algorithm","cc->foundation->dutch_national_flag_algorithm","cc->algorithm_basics->dutch_national_flag_algorithm",
78,"cc->backtracking;cc->bitmask","cc->algorithm_basics->backtracking;cc->foundation->bitmask","cc->algorithm_design->backtracking->backtracking;cc->data_structures->bitmask",
79,"cc->dfs_backtracking_on_board","cc->dfs->dfs_backtracking_on_board","cc->algorithm_design->dfs->dfs_backtracking_on_board",
80,"cc->array_manipulation;cc->pointer_approach","cc->foundation->array_manipulation;cc->foundation->pointer_approach","cc->data_structures->arrays->array_manipulation;cc->programming_basics->pointer_approach",
74,"cc->binary_search","cc->foundation->binary_search","cc->algorithm_design->binary_search->binary_search",
93,"cc->backtracking;cc->segment_validation","cc->algorithm_basics->backtracking;cc->foundation->segment_validation","cc->algorithm_design->backtracking->backtracking;cc->data_structures->segment_validation",
98,"cc->recursion_with_range_bounds","cc->recursion->recursion_with_range_bounds","cc->algorithm_design->recursion->recursion_with_range_bounds",
102,"cc->bfs_by_levels","cc->bfs->bfs_by_levels","cc->algorithm_design->bfs->bfs_by_levels",
103,"cc->bfs_with_direction_toggle","cc->bfs->bfs_with_direction_toggle","cc->algorithm_design->bfs->bfs_with_direction_toggle",
105,"cc->tree_construction_with_index_lookups","cc->foundation->tree_construction_with_index_lookups","cc->data_structures->tree->tree_construction_with_index_lookups",
113,"cc->dfs_path_building","cc->dfs->dfs_path_building","cc->algorithm_design->dfs->dfs_path_building",
114,"cc->dfs;cc->pointer_re_linking","cc->dfs->dfs;cc->foundation->pointer_re_linking","cc->algorithm_design->dfs->dfs;cc->data_structures->pointer_re_linking",
116,"cc->tree_bfs;cc->perfect_tree_recursion","cc->bfs->tree_bfs;cc->recursion->perfect_tree_recursion","cc->algorithm_design->bfs->tree_bfs;cc->recursion->perfect_tree_recursion",
128,"cc->set;cc->union_find","cc->foundation->set;cc->foundation->union_find","cc->data_structures->set->set;cc->data_structures->union_find",
129,"cc->dfs_building_integer","cc->dfs->dfs_building_integer","cc->algorithm_design->dfs->dfs_building_integer",
131,"cc->backtracking;cc->palindrome_check","cc->algorithm_basics->backtracking;cc->foundation->palindrome_check","cc->algorithm_design->backtracking->backtracking;cc->data_structures->palindrome_check",
133,"cc->graph_bfs_dfs_cloning","cc->graph_basics->graph_bfs_dfs_cloning","cc->data_structures->graph->graph_bfs_dfs_cloning",
138,"cc->linked_list_mapping;cc->weaving","cc->linked_list->linked_list_mapping;cc->foundation->weaving","cc->data_structures->linkedlist->linked_list_mapping;cc->data_structures->linkedlist->weaving",
139,"cc->dp_substring_checks","cc->dp->dp_substring_checks","cc->algorithm_design->dp->dp_substring_checks",
146,"cc->design_with_doubly_linked_list;cc->hash","cc->linked_list->design_with_doubly_linked_list;cc->foundation->hash","cc->data_structures->linkedlist->design_with_doubly_linked_list;cc->data_structures->hashmap->hash",
150,"cc->stack_for_rpn","cc->stack->stack_for_rpn","cc->data_structures->stack->stack_for_rpn",
152,"cc->dp_tracking_min_max_up_to_current","cc->dp->dp_tracking_min_max_up_to_current","cc->algorithm_design->dp->dp_tracking_min_max_up_to_current",
153,"cc->binary_search_pivot","cc->binary_search->binary_search_pivot","cc->algorithm_design->binary_search->binary_search_pivot",
151,"cc->string_manipulation","cc->foundation->string_manipulation","cc->data_structures->strings->string_manipulation",
162,"cc->binary_search;cc->linear_check","cc->binary_search->binary_search;cc->foundation->linear_check","cc->algorithm_design->binary_search->binary_search;cc->computer_science_basics->linear_check",
167,"cc->two_pointer_in_sorted_array","cc->two_pointers->two_pointer_in_sorted_array","cc->data_structures->two_pointers->two_pointer_in_sorted_array",
173,"cc->inorder_stack_approach","cc->stack->inorder_stack_approach","cc->data_structures->stack->inorder_stack_approach",
189,"cc->reverse_array;cc->auxiliary_array","cc->foundation->reverse_array;cc->foundation->auxiliary_array","cc->data_structures->arrays->reverse_array;cc->data_structures->arrays->auxiliary_array",
198,"cc->dp_on_linear_houses","cc->dp->dp_on_linear_houses","cc->algorithm_design->dp->dp_on_linear_houses",
199,"cc->bfs;cc->dfs_with_right_first","cc->bfs->bfs;cc->dfs->dfs_with_right_first","cc->algorithm_design->bfs->bfs;cc->algorithm_design->dfs->dfs_with_right_first",
200,"cc->dfs_bfs_on_grid","cc->dfs->dfs_bfs_on_grid","cc->algorithm_design->dfs->dfs_bfs_on_grid",
207,"cc->graph_cycle_detection;cc->topological_sort","cc->graph_basics->graph_cycle_detection;cc->graph_basics->topological_sort","cc->data_structures->graph->graph_cycle_detection;cc->data_structures->graph->topological_sort",
209,"cc->sliding_window;cc->sliding_window_and_subarray_sum","cc->two_pointers->sliding_window;cc->foundation->sliding_window_and_subarray_sum","cc->data_structures->two_pointers->sliding_window;cc->algorithm_design->subarray_sum->sliding_window_and_subarray_sum",
210,"cc->topological_sort","cc->graph_basics->topological_sort","cc->data_structures->graph->topological_sort",
215,"cc->heap;cc->quickselect","cc->foundation->heap;cc->foundation->quickselect","cc->data_structures->heap->heap;cc->algorithm_design->selection->quickselect",
227,"cc->stack;cc->direct_parse","cc->stack->stack;cc->foundation->direct_parse","cc->data_structures->stack->stack;cc->programming_basics->direct_parse",
235,"cc->bst_property_compare_values","cc->foundation->bst_property_compare_values","cc->data_structures->tree->bst_property_compare_values",
236,"cc->tree_recursion","cc->recursion->tree_recursion","cc->algorithm_design->recursion->tree_recursion",
238,"cc->prefix_suffix_multiplication","cc->foundation->prefix_suffix_multiplication","cc->algorithm_basics->prefix_suffix_multiplication",
249,"cc->hash_pattern_differences","cc->foundation->hash_pattern_differences","cc->data_structures->hashing->hash_pattern_differences",
253,"cc->min_heap;cc->timeline_approach","cc->foundation->min_heap;cc->foundation->timeline_approach","cc->data_structures->heap->min_heap;cc->algorithm_design->timeline->timeline_approach",
286,"cc->multi_source_bfs","cc->bfs->multi_source_bfs","cc->algorithm_design->bfs->multi_source_bfs",
2265,"cc->tree_dfs_for_sum_count","cc->dfs->tree_dfs_for_sum_count","cc->algorithm_design->dfs->tree_dfs_for_sum_count",
314,"cc->bfs_with_column_indices","cc->bfs->bfs_with_column_indices","cc->algorithm_design->bfs->bfs_with_column_indices",
333,"cc->tree_recursion_with_subtree_info","cc->recursion->tree_recursion_with_subtree_info","cc->algorithm_design->recursion->tree_recursion_with_subtree_info",
334,"cc->greedy_track_two_smallest","cc->greedy->greedy_track_two_smallest","cc->algorithm_design->greedy->greedy_track_two_smallest",
339,"cc->dfs;cc->bfs_of_nested_structure","cc->dfs->dfs;cc->bfs->bfs_of_nested_structure","cc->algorithm_design->dfs->dfs;cc->algorithm_design->bfs->bfs_of_nested_structure",
341,"cc->stack_based_flatten","cc->stack->stack_based_flatten","cc->data_structures->stack->stack_based_flatten",
347,"cc->heap;cc->bucket_sort","cc->foundation->heap;cc->foundation->bucket_sort","cc->data_structures->heap->heap;cc->algorithm_design->bucket_sort",
348,"cc->rows;cc->cols;cc->diag_counters","cc->foundation->rows;cc->foundation->cols;cc->foundation->diag_counters","cc->data_structures->matrix->rows;cc->data_structures->matrix->cols;cc->data_structures->matrix->diag_counters",
378,"cc->heap;cc->binary_searching_by_value","cc->foundation->heap;cc->binary_search->binary_searching_by_value","cc->data_structures->heap->heap;cc->algorithm_design->binary_search->binary_searching_by_value",
380,"cc->hashmap;cc->dynamic_array","cc->foundation->hashmap;cc->foundation->dynamic_array","cc->data_structures->hashmap->hashmap;cc->data_structures->array->dynamic_array",
394,"cc->stack;cc->recursion","cc->stack->stack;cc->recursion->recursion","cc->data_structures->stack->stack;cc->algorithm_design->recursion->recursion",
398,"cc->reservoir_sampling;cc->storing_indices","cc->foundation->reservoir_sampling;cc->foundation->storing_indices","cc->algorithm_design->sampling->reservoir_sampling;cc->data_structures->list->storing_indices",
419,"cc->grid_scanning","cc->foundation->grid_scanning","cc->data_structures->grid->grid_scanning",
424,"cc->sliding_window;cc->frequency","cc->two_pointers->sliding_window;cc->foundation->frequency","cc->data_structures->two_pointers->sliding_window;cc->algorithm_design->frequency",
443,"cc->two_pointer_in_place","cc->two_pointers->two_pointer_in_place","cc->data_structures->two_pointers->two_pointer_in_place",
468,"cc->string_split_and_format_checks","cc->foundation->string_split_and_format_checks","cc->data_structures->strings->string_split_and_format_checks",
490,"cc->dfs_bfs_rolling_approach","cc->dfs->dfs_bfs_rolling_approach","cc->algorithm_design->dfs->dfs_bfs_rolling_approach",
494,"cc->dfs;cc->subset_sum_dp","cc->dfs->dfs;cc->dp->subset_sum_dp","cc->algorithm_design->dfs->dfs;cc->algorithm_design->dp->subset_sum_dp",
498,"cc->simulation_of_diagonals","cc->foundation->simulation_of_diagonals","cc->algorithm_basics->simulation->simulation_of_diagonals",
523,"cc->prefix_sum_mod_k","cc->prefix_sum->prefix_sum_mod_k","cc->algorithm_design->prefix_sum->prefix_sum_mod_k",
525,"cc->prefix_sum_0_neg1_1_pos1","cc->prefix_sum->prefix_sum_0_neg1_1_pos1","cc->algorithm_design->prefix_sum->prefix_sum_0_neg1_1_pos1",
529,"cc->dfs_bfs_reveal_squares","cc->dfs->dfs_bfs_reveal_squares","cc->algorithm_design->dfs->dfs_bfs_reveal_squares",
536,"cc->recursion_with_parentheses_parse","cc->recursion->recursion_with_parentheses_parse","cc->algorithm_design->recursion->recursion_with_parentheses_parse",
545,"cc->tree_traversal_boundary","cc->foundation->tree_traversal_boundary","cc->data_structures->tree->tree_traversal_boundary",
556,"cc->permutation_next_greater_logic","cc->foundation->permutation_next_greater_logic","cc->algorithm_design->permutation->permutation_next_greater_logic",
560,"cc->prefix_sum;cc->hashing","cc->prefix_sum->prefix_sum;cc->foundation->hashing","cc->algorithm_design->prefix_sum->prefix_sum;cc->data_structures->hashing->hashing",
636,"cc->stack_of_function_calls;cc->timestamps","cc->stack->stack_of_function_calls;cc->foundation->timestamps","cc->data_structures->stack->stack_of_function_calls;cc->computer_science_basics->timestamps",
647,"cc->expand_around_center;cc->dp","cc->foundation->expand_around_center;cc->algorithm_basics->dp","cc->data_structures->strings->expand_around_center;cc->algorithm_design->dp->dp",
658,"cc->binary_search;cc->two_pointer","cc->binary_search->binary_search;cc->two_pointers->two_pointer","cc->algorithm_design->binary_search->binary_search;cc->data_structures->two_pointers->two_pointer",
670,"cc->greedy_digit_swap_from_left","cc->greedy->greedy_digit_swap_from_left","cc->algorithm_design->greedy->greedy_digit_swap_from_left",
695,"cc->dfs_bfs_in_grid","cc->dfs->dfs_bfs_in_grid","cc->algorithm_design->dfs->dfs_bfs_in_grid",
721,"cc->union_find;cc->dfs_on_email_lists","cc->foundation->union_find;cc->dfs->dfs_on_email_lists","cc->data_structures->union_find->union_find;cc->algorithm_design->dfs->dfs_on_email_lists",
735,"cc->stack_approach","cc->stack->stack_approach","cc->data_structures->stack->stack_approach",
739,"cc->monotonic_stack","cc->stack->monotonic_stack","cc->data_structures->stack->monotonic_stack",
426,"cc->inorder_traversal_link","cc->foundation->inorder_traversal_link","cc->data_structures->tree->inorder_traversal_link",
787,"cc->shortest_path_with_limited_stops;cc->bellman_ford;cc->bfs","cc->graph_basics->shortest_path_with_limited_stops;cc->foundation->bellman_ford;cc->bfs->bfs","cc->algorithm_design->graph->shortest_path_with_limited_stops;cc->algorithm_design->graph->bellman_ford;cc->algorithm_design->bfs->bfs",
791,"cc->custom_priority_sort","cc->foundation->custom_priority_sort","cc->data_structures->sorting->custom_priority_sort",
708,"cc->linked_list_insertion_logic","cc->linked_list->linked_list_insertion_logic","cc->data_structures->linkedlist->linked_list_insertion_logic",
825,"cc->sorting;cc->two_pointer_on_age_constraints","cc->foundation->sorting;cc->two_pointers->two_pointer_on_age_constraints","cc->data_structures->sorting->sorting;cc->data_structures->two_pointers->two_pointer_on_age_constraints",
622,"cc->array_with_front_rear_indices","cc->arrays->array_with_front_rear_indices","cc->data_structures->arrays->array_with_front_rear_indices",
852,"cc->binary_search_for_peak","cc->binary_search->binary_search_for_peak","cc->algorithm_design->binary_search->binary_search_for_peak",
863,"cc->bfs_dfs_from_target_node","cc->bfs->bfs_dfs_from_target_node","cc->algorithm_design->bfs->bfs_dfs_from_target_node",
865,"cc->tree_dfs;cc->depth_tracking","cc->dfs->tree_dfs;cc->foundation->depth_tracking","cc->algorithm_design->dfs->tree_dfs;cc->data_structures->tree->depth_tracking",
528,"cc->prefix_sums;cc->random_selection","cc->prefix_sum->prefix_sums;cc->foundation->random_selection","cc->algorithm_design->prefix_sum->prefix_sums;cc->probabilistic_methods->random_selection",
921,"cc->balance_counters","cc->foundation->balance_counters","cc->computer_science_basics->balance_counters",
930,"cc->prefix_sum_in_0_1_array","cc->prefix_sum->prefix_sum_in_0_1_array","cc->algorithm_design->prefix_sum->prefix_sum_in_0_1_array",
934,"cc->dfs;cc->bfs_across_islands","cc->dfs->dfs;cc->bfs->bfs_across_islands","cc->algorithm_design->dfs->dfs;cc->algorithm_design->bfs->bfs_across_islands",
958,"cc->bfs_level_order_checking","cc->bfs->bfs_level_order_checking","cc->algorithm_design->bfs->bfs_level_order_checking",
973,"cc->heap;cc->quickselect","cc->foundation->heap;cc->foundation->quickselect","cc->data_structures->heap->heap;cc->algorithm_design->selection->quickselect",
983,"cc->dp_with_intervals","cc->dp->dp_with_intervals","cc->algorithm_design->dp->dp_with_intervals",
986,"cc->merge_intervals_method","cc->foundation->merge_intervals_method","cc->data_structures->intervals->merge_intervals_method",
1004,"cc->sliding_window;cc->count_zero","cc->two_pointers->sliding_window;cc->foundation->count_zero","cc->data_structures->two_pointers->sliding_window;cc->algorithm_design->counting->count_zero",
1011,"cc->binary_search_on_capacity","cc->binary_search->binary_search_on_capacity","cc->algorithm_design->binary_search->binary_search_on_capacity",
1060,"cc->binary_search_using_the_missing_counts","cc->binary_search->binary_search_using_the_missing_counts","cc->algorithm_design->binary_search->binary_search_using_the_missing_counts",
1091,"cc->bfs_in_8_directions","cc->bfs->bfs_in_8_directions","cc->algorithm_design->bfs->bfs_in_8_directions",
1209,"cc->stack_based_count","cc->stack->stack_based_count","cc->data_structures->stack->stack_based_count",
1249,"cc->stack;cc->scanning_mismatches","cc->stack->stack;cc->foundation->scanning_mismatches","cc->data_structures->stack->stack;cc->algorithm_design->scanning->scanning_mismatches",
1424,"cc->group_by_i_plus_j_in_a_map","cc->foundation->group_by_i_plus_j_in_a_map","cc->data_structures->maps->group_by_i_plus_j_in_a_map",
1443,"cc->dfs_subtrees_with_apple_check","cc->dfs->dfs_subtrees_with_apple_check","cc->algorithm_design->dfs->dfs_subtrees_with_apple_check",
1570,"cc->sparse_representation_iteration","cc->foundation->sparse_representation_iteration","cc->data_structures->sparse_representation->sparse_representation_iteration",
1650,"cc->nodes_have_parent_pointers","cc->foundation->nodes_have_parent_pointers","cc->data_structures->tree->nodes_have_parent_pointers",
1762,"cc->stack;cc->scanning_from_the_right","cc->stack->stack;cc->foundation->scanning_from_the_right","cc->data_structures->stack->stack;cc->algorithm_design->scanning->scanning_from_the_right",
1778,"cc->interactive_bfs_dfs_concept","cc->bfs->interactive_bfs_dfs_concept","cc->algorithm_design->bfs->interactive_bfs_dfs_concept",
1868,"cc->two_pointers_on_runs","cc->two_pointers->two_pointers_on_runs","cc->data_structures->two_pointers->two_pointers_on_runs",
1070,"cc->sql_grouping_and_joining","cc->sql_basics->sql_grouping_and_joining","cc->database_fundamentals->sql->sql_grouping_and_joining",
322,"cc->dp_for_the_fewest_coins","cc->dp->dp_for_the_fewest_coins","cc->algorithm_design->dp->dp_for_the_fewest_coins",
328,"cc->linked_list_rearrangement","cc->linked_list->linked_list_rearrangement","cc->data_structures->linkedlist->linked_list_rearrangement",
912,"cc->implementation_of_standard_sorts","cc->foundation->implementation_of_standard_sorts","cc->algorithm_design->sorting->implementation_of_standard_sorts",
1344,"cc->math_formula","cc->foundation->math_formula","cc->mathematics->math_formula",
91,"cc->dp_on_string_decoding","cc->dp->dp_on_string_decoding","cc->algorithm_design->dp->dp_on_string_decoding",
117,"cc->level_order_bfs_linking","cc->bfs->level_order_bfs_linking","cc->data_structures->tree->level_order_bfs_linking",
161,"cc->check_single_insert_delete_replace","cc->foundation->check_single_insert_delete_replace","cc->computer_science_basics->check_single_insert_delete_replace",
1586,"cc->bst_iteration_with_backtracking","cc->foundation->bst_iteration_with_backtracking","cc->data_structures->tree->bst_iteration_with_backtracking",
1123,"cc->dfs_depth;cc->lca_logic","cc->dfs->dfs_depth;cc->foundation->lca_logic","cc->algorithm_design->dfs->dfs_depth;cc->data_structures->tree->lca_logic",
325,"cc->prefix_sum_map","cc->prefix_sum->prefix_sum_map","cc->algorithm_design->prefix_sum->prefix_sum_map",
377,"cc->dp_counting_combos","cc->dp->dp_counting_combos","cc->algorithm_design->dp->dp_counting_combos",
1810,"cc->similar_bfs_with_hidden_adjacency","cc->bfs->similar_bfs_with_hidden_adjacency","cc->algorithm_design->bfs->similar_bfs_with_hidden_adjacency",
237,"cc->in_place_pointer_swap","cc->foundation->in_place_pointer_swap","cc->data_structures->pointer->in_place_pointer_swap",
143,"cc->linked_list_re_linking","cc->linked_list->linked_list_re_linking","cc->data_structures->linkedlist->linked_list_re_linking",
82,"cc->linked_list_skip_duplicates","cc->linked_list->linked_list_skip_duplicates","cc->data_structures->linkedlist->linked_list_skip_duplicates",
179,"cc->custom_sorting_by_string_comparison","cc->foundation->custom_sorting_by_string_comparison","cc->algorithm_design->sorting->custom_sorting_by_string_comparison",
45,"cc->greedy_bfs_layering","cc->greedy->greedy_bfs_layering","cc->algorithm_design->greedy->greedy_bfs_layering",
450,"cc->bst_node_manipulation","cc->foundation->bst_node_manipulation","cc->data_structures->tree->bst_node_manipulation",
134,"cc->greedy_solution","cc->greedy->greedy_solution","cc->algorithm_design->greedy->greedy_solution",
1609,"cc->tree_bfs;cc->constraints","cc->bfs->tree_bfs;cc->foundation->constraints","cc->data_structures->tree->tree_bfs;cc->computer_science_basics->constraints",
875,"cc->binary_search_on_eating_speed","cc->binary_search->binary_search_on_eating_speed","cc->algorithm_design->binary_search->binary_search_on_eating_speed",
230,"cc->inorder_traversal","cc->foundation->inorder_traversal","cc->data_structures->tree->inorder_traversal",
1371,"cc->bitmask_prefix_approach","cc->foundation->bitmask_prefix_approach","cc->algorithm_design->bitmask->bitmask_prefix_approach",
2419,"cc->scan_for_segments_matching_global_max","cc->foundation->scan_for_segments_matching_global_max","cc->algorithm_design->scanning->scan_for_segments_matching_global_max",
539,"cc->convert_times_to_minutes;cc->sort","cc->foundation->convert_times_to_minutes;cc->foundation->sort","cc->algorithm_design->time_conversion->convert_times_to_minutes;cc->data_structures->sorting->sort",
567,"cc->sliding_window;cc->frequency","cc->two_pointers->sliding_window;cc->foundation->frequency","cc->data_structures->two_pointers->sliding_window;cc->algorithm_design->frequency",
416,"cc->dp_subset_sum","cc->dp->dp_subset_sum","cc->algorithm_design->dp->dp_subset_sum",
122,"cc->greedy_for_multiple_transactions","cc->greedy->greedy_for_multiple_transactions","cc->algorithm_design->greedy->greedy_for_multiple_transactions",
386,"cc->dfs;cc->iterative_approach","cc->dfs->dfs;cc->foundation->iterative_approach","cc->algorithm_design->dfs->dfs;cc->computer_science_basics->iterative_approach",
340,"cc->sliding_window;cc->char_count","cc->two_pointers->sliding_window;cc->foundation->char_count","cc->data_structures->two_pointers->sliding_window;cc->algorithm_design->character_count->char_count",
3043,"cc->simple_prefix_check_among_strings","cc->foundation->simple_prefix_check_among_strings","cc->algorithm_design->strings->simple_prefix_check_among_strings",
81,"cc->binary_search_with_duplicates","cc->binary_search->binary_search_with_duplicates","cc->algorithm_design->binary_search->binary_search_with_duplicates",
1367,"cc->dfs_checking_subpath","cc->dfs->dfs_checking_subpath","cc->algorithm_design->dfs->dfs_checking_subpath",
767,"cc->greedy_with_a_max_heap;cc->sorting_by_freq","cc->greedy->greedy_with_a_max_heap;cc->foundation->sorting_by_freq","cc->algorithm_design->greedy->greedy_with_a_max_heap;cc->data_structures->sorting->sorting_by_freq",
371,"cc->bitwise_ops","cc->foundation->bitwise_ops","cc->computer_science_basics->bitwise_ops",
1590,"cc->prefix_sum_remainder_approach","cc->prefix_sum->prefix_sum_remainder_approach","cc->algorithm_design->prefix_sum->prefix_sum_remainder_approach",
96,"cc->catalan_number;cc->dp","cc->foundation->catalan_number;cc->algorithm_basics->dp","cc->mathematics->catalan_numbers;cc->algorithm_design->dp->dp",
12,"cc->greedy_from_largest_roman_values","cc->greedy->greedy_from_largest_roman_values","cc->algorithm_design->greedy->greedy_from_largest_roman_values",
1644,"cc->similar_to_lca_but_confirm_nodes_exist","cc->foundation->similar_to_lca_but_confirm_nodes_exist","cc->data_structures->tree->similar_to_lca_but_confirm_nodes_exist",
1110,"cc->tree_dfs_cut_approach","cc->dfs->tree_dfs_cut_approach","cc->algorithm_design->dfs->tree_dfs_cut_approach",
1497,"cc->hash_mod_frequencies","cc->foundation->hash_mod_frequencies","cc->data_structures->hashing->hash_mod_frequencies",
2406,"cc->interval_scheduling;cc->min_heap","cc->foundation->interval_scheduling;cc->foundation->min_heap","cc->algorithm_design->intervals->interval_scheduling;cc->data_structures->heap->min_heap",
2090,"cc->sliding_window;cc->prefix_sums","cc->two_pointers->sliding_window;cc->prefix_sum->prefix_sums","cc->data_structures->two_pointers->sliding_window;cc->algorithm_design->prefix_sum->prefix_sums",
287,"cc->floyds_cycle_detection;cc->binary_search","cc->foundation->floyds_cycle_detection;cc->binary_search->binary_search","cc->algorithm_design->cycle_detection->floyds_cycle_detection;cc->algorithm_design->binary_search->binary_search",
1233,"cc->sort;cc->prefix_check","cc->foundation->sort;cc->foundation->prefix_check","cc->data_structures->sorting->sort;cc->algorithm_design->prefix_check",
1545,"cc->recursive_pattern","cc->recursion->recursive_pattern","cc->algorithm_design->recursion->recursive_pattern",
453,"cc->sum_approach_minus_min","cc->foundation->sum_approach_minus_min","cc->algorithm_design->summation->sum_approach_minus_min",
1593,"cc->backtracking;cc->used_set","cc->algorithm_basics->backtracking;cc->foundation->used_set","cc->algorithm_design->backtracking->backtracking;cc->data_structures->set->used_set",
1438,"cc->sliding_window;cc->min_max_queue","cc->two_pointers->sliding_window;cc->foundation->min_max_queue","cc->data_structures->two_pointers->sliding_window;cc->algorithm_design->queue->min_max_queue",
2461,"cc->sliding_window;cc->distinct_check","cc->two_pointers->sliding_window;cc->foundation->distinct_check","cc->data_structures->two_pointers->sliding_window;cc->algorithm_design->distinctness->distinct_check",
1891,"cc->binary_search_for_max_length","cc->binary_search->binary_search_for_max_length","cc->algorithm_design->binary_search->binary_search_for_max_length",
229,"cc->boyer_moore_for_two_candidates","cc->foundation->boyer_moore_for_two_candidates","cc->algorithm_design->majority->boyer_moore_for_two_candidates",
1197,"cc->bfs;cc->math_symmetry","cc->bfs->bfs;cc->foundation->math_symmetry","cc->algorithm_design->bfs->bfs;cc->mathematics->math_symmetry",
814,"cc->dfs_postorder","cc->dfs->dfs_postorder","cc->algorithm_design->dfs->dfs_postorder",
109,"cc->slow_fast_pointer_find_mid","cc->foundation->slow_fast_pointer_find_mid","cc->algorithm_design->two_pointer->slow_fast_pointer_find_mid",
2501,"cc->dp;cc->set_approach_for_squares","cc->algorithm_basics->dp;cc->foundation->set_approach_for_squares","cc->algorithm_design->dp->dp;cc->data_structures->set->set_approach_for_squares",
435,"cc->greedy_by_end_time","cc->greedy->greedy_by_end_time","cc->algorithm_design->greedy->greedy_by_end_time",
1498,"cc->sort;cc->two_pointer;cc->pow2_usage","cc->foundation->sort;cc->two_pointers->two_pointer;cc->foundation->pow2_usage","cc->data_structures->sorting->sort;cc->data_structures->two_pointers->two_pointer;cc->algorithm_design->exponential->pow2_usage",
137,"cc->bit_manipulation_counting_bits_mod_3","cc->foundation->bit_manipulation_counting_bits_mod_3","cc->computer_science_basics->bit_manipulation->bit_manipulation_counting_bits_mod_3",
616,"cc->mark_intervals_and_merge","cc->foundation->mark_intervals_and_merge","cc->algorithm_design->intervals->mark_intervals_and_merge",
240,"cc->start_top_right_corner;cc->move_left_down","cc->foundation->start_top_right_corner;cc->foundation->move_left_down","cc->data_structures->matrix->start_top_right_corner;cc->data_structures->matrix->move_left_down",
2914,"cc->check_flips_to_get_alternating_pattern","cc->foundation->check_flips_to_get_alternating_pattern","cc->algorithm_design->string->check_flips_to_get_alternating_pattern",
3011,"cc->likely_checking_partial_swaps_or_some_condition","cc->foundation->likely_checking_partial_swaps_or_some_condition","cc->algorithm_design->sorting->likely_checking_partial_swaps_or_some_condition",
1493,"cc->sliding_window;cc->tracking_zero_count","cc->two_pointers->sliding_window;cc->foundation->tracking_zero_count","cc->data_structures->two_pointers->sliding_window;cc->algorithm_design->counting->tracking_zero_count",
6,"cc->simulation_row_by_row","cc->foundation->simulation_row_by_row","cc->algorithm_design->simulation->simulation_row_by_row",
3133,"cc->problem_specific_partial_info","cc->foundation->problem_specific_partial_info","cc->domain_specific->problem_specific_partial_info",
2034,"cc->design_with_data_structures","cc->foundation->design_with_data_structures","cc->software_engineering->design_with_data_structures",
3097,"cc->sliding_window;cc->bitwise_or","cc->two_pointers->sliding_window;cc->foundation->bitwise_or","cc->data_structures->two_pointers->sliding_window;cc->computer_science_basics->bitwise_or",
510,"cc->bst_with_parent_pointer","cc->foundation->bst_with_parent_pointer","cc->data_structures->tree->bst_with_parent_pointer",
1845,"cc->min_heap_of_seats","cc->foundation->min_heap_of_seats","cc->data_structures->heap->min_heap_of_seats",
1574,"cc->two_pointer_from_ends","cc->two_pointers->two_pointer_from_ends","cc->data_structures->two_pointers->two_pointer_from_ends",
451,"cc->count;cc->sort_desc_frequency","cc->foundation->count;cc->foundation->sort_desc_frequency","cc->algorithm_design->frequency->count;cc->data_structures->sorting->sort_desc_frequency",
1382,"cc->inorder_flatten;cc->build_balanced","cc->foundation->inorder_flatten;cc->foundation->build_balanced","cc->data_structures->tree->inorder_flatten;cc->algorithm_design->tree->build_balanced",
723,"cc->simulation_of_collapses","cc->foundation->simulation_of_collapses","cc->algorithm_design->simulation->simulation_of_collapses",
856,"cc->stack;cc->counting_depth","cc->stack->stack;cc->foundation->counting_depth","cc->data_structures->stack->stack;cc->algorithm_design->tree->counting_depth",
1161,"cc->bfs_level_sums","cc->bfs->bfs_level_sums","cc->algorithm_design->bfs->bfs_level_sums",
77,"cc->backtracking_k_combinations","cc->backtracking->backtracking_k_combinations","cc->algorithm_design->backtracking->backtracking_k_combinations",
907,"cc->monotonic_stack;cc->subarray_coverage","cc->stack->monotonic_stack;cc->foundation->subarray_coverage","cc->data_structures->stack->monotonic_stack;cc->algorithm_design->subarray_coverage",
692,"cc->frequency;cc->min_heap;cc->sorting","cc->foundation->frequency;cc->foundation->min_heap;cc->foundation->sorting","cc->data_structures->hashmap->frequency;cc->data_structures->heap->min_heap;cc->algorithm_design->sorting",
918,"cc->kadanes;cc->invert_approach","cc->foundation->kadanes;cc->foundation->invert_approach","cc->algorithm_design->dp->kadanes;cc->algorithm_design->dp->invert_approach",
678,"cc->greedy_track_min_max_open","cc->greedy->greedy_track_min_max_open","cc->algorithm_design->greedy->greedy_track_min_max_open",
417,"cc->dfs_from_edges_inward","cc->dfs->dfs_from_edges_inward","cc->algorithm_design->dfs->dfs_from_edges_inward",
176,"cc->sql_ranking_or_subquery","cc->sql_basics->sql_ranking_or_subquery","cc->database_fundamentals->sql->sql_ranking_or_subquery",
247,"cc->recursion_building_symmetrical_pairs","cc->recursion->recursion_building_symmetrical_pairs","cc->algorithm_design->recursion->recursion_building_symmetrical_pairs",
1358,"cc->sliding_window;cc->sliding_window_and_a_b_c","cc->two_pointers->sliding_window;cc->foundation->sliding_window_and_a_b_c","cc->data_structures->two_pointers->sliding_window;cc->algorithm_design->sliding_window->sliding_window_and_a_b_c",
2109,"cc->string_building_with_known_indices","cc->foundation->string_building_with_known_indices","cc->data_structures->strings->string_building_with_known_indices",
1029,"cc->greedy_sorting_by_cost_difference","cc->greedy->greedy_sorting_by_cost_difference","cc->algorithm_design->greedy->greedy_sorting_by_cost_difference",
1245,"cc->double_dfs_approach","cc->foundation->double_dfs_approach","cc->algorithm_design->dfs->double_dfs_approach",
1679,"cc->sorting;cc->two_pointer;cc->map_freq","cc->foundation->sorting;cc->two_pointers->two_pointer;cc->foundation->map_freq","cc->data_structures->sorting->sorting;cc->data_structures->two_pointers->two_pointer;cc->algorithm_design->frequency->map_freq",
2337,"cc->greedy_alignment_check_of_l_r","cc->greedy->greedy_alignment_check_of_l_r","cc->algorithm_design->greedy->greedy_alignment_check_of_l_r",
388,"cc->stack;cc->counting_depth_from_t","cc->stack->stack;cc->foundation->counting_depth_from_t","cc->data_structures->stack->stack;cc->algorithm_design->tree->counting_depth_from_t",
395,"cc->divide_and_conquer;cc->sliding_window","cc->foundation->divide_and_conquer;cc->two_pointers->sliding_window","cc->algorithm_design->divide_and_conquer;cc->data_structures->two_pointers->sliding_window",
2981,"cc->string_hashing;cc->suffix_array_approach","cc->foundation->string_hashing;cc->foundation->suffix_array_approach","cc->algorithm_design->strings->string_hashing;cc->algorithm_design->suffix_structures->suffix_array_approach",
382,"cc->reservoir_sampling_for_single_item","cc->foundation->reservoir_sampling_for_single_item","cc->algorithm_design->sampling->reservoir_sampling_for_single_item",
2593,"cc->greedy;cc->dp_approach_problem_specific","cc->greedy->greedy;cc->dp->dp_approach_problem_specific","cc->algorithm_design->greedy->greedy;cc->algorithm_design->dp->dp_approach_problem_specific",
2125,"cc->multiply_device_counts_in_consecutive_non_empty_rows","cc->foundation->multiply_device_counts_in_consecutive_non_empty_rows","cc->domain_specific->hardware->multiply_device_counts_in_consecutive_non_empty_rows",
1277,"cc->dp_counting_squares","cc->dp->dp_counting_squares","cc->algorithm_design->dp->dp_counting_squares",
1094,"cc->prefix_difference;cc->min_heap","cc->foundation->prefix_difference;cc->foundation->min_heap","cc->algorithm_design->prefix_difference;cc->data_structures->heap->min_heap",
503,"cc->monotonic_stack;cc->circular_array","cc->stack->monotonic_stack;cc->arrays->circular_array","cc->data_structures->stack->monotonic_stack;cc->data_structures->arrays->circular_array",
729,"cc->interval_booking_check","cc->intervals->interval_booking_check","cc->data_structures->intervals->interval_booking_check",
2352,"cc->compare_row_patterns_with_column_patterns","cc->foundation->compare_row_patterns_with_column_patterns","cc->algorithm_design->strings->compare_row_patterns_with_column_patterns",
515,"cc->bfs_track_max_in_each_level","cc->bfs->bfs_track_max_in_each_level","cc->algorithm_design->bfs->bfs_track_max_in_each_level",
1980,"cc->diagonal;cc->backtracking_approach","cc->foundation->diagonal;cc->algorithm_basics->backtracking_approach","cc->data_structures->matrix->diagonal;cc->algorithm_design->backtracking->backtracking",
1014,"cc->dp_track_best_ai_plus_i_while_scanning","cc->dp->dp_track_best_ai_plus_i_while_scanning","cc->algorithm_design->dp->dp_track_best_ai_plus_i_while_scanning",
155,"cc->stack_with_a_min_tracker","cc->stack->stack_with_a_min_tracker","cc->data_structures->stack->stack_with_a_min_tracker",
2466,"cc->dp_with_steps;cc->zero_one_increments","cc->dp->dp_with_steps;cc->foundation->zero_one_increments","cc->algorithm_design->dp->dp_with_steps;cc->computer_science_basics->zero_one_increments",
1055,"cc->greedy_scanning_of_s_to_build_t","cc->greedy->greedy_scanning_of_s_to_build_t","cc->algorithm_design->greedy->greedy_scanning_of_s_to_build_t",
310,"cc->bfs_from_leaves_inward","cc->bfs->bfs_from_leaves_inward","cc->algorithm_design->bfs->bfs_from_leaves_inward",
542,"cc->multi_source_bfs_from_all_zero_cells","cc->bfs->multi_source_bfs_from_all_zero_cells","cc->algorithm_design->bfs->multi_source_bfs_from_all_zero_cells",
2270,"cc->prefix_sums;cc->vs_suffix_sums","cc->prefix_sum->prefix_sums;cc->foundation->vs_suffix_sums","cc->algorithm_design->prefix_sum->prefix_sums;cc->data_structures->array->vs_suffix_sums",
1930,"cc->track_positions_of_each_character","cc->foundation->track_positions_of_each_character","cc->data_structures->strings->track_positions_of_each_character",
438,"cc->sliding_window;cc->freq_compare","cc->two_pointers->sliding_window;cc->foundation->freq_compare","cc->data_structures->two_pointers->sliding_window;cc->algorithm_design->frequency->freq_compare",
2381,"cc->prefix_approach_on_shift_ranges","cc->foundation->prefix_approach_on_shift_ranges","cc->algorithm_design->prefix_sum->prefix_approach_on_shift_ranges",
130,"cc->dfs_bfs_from_board_edges","cc->dfs->dfs_bfs_from_board_edges","cc->algorithm_design->dfs->dfs_bfs_from_board_edges",
1769,"cc->prefix_sums;cc->counting_distances","cc->prefix_sum->prefix_sums;cc->foundation->counting_distances","cc->algorithm_design->prefix_sum->prefix_sums;cc->data_structures->arrays->counting_distances",
547,"cc->union_find;cc->dfs_adjacency","cc->foundation->union_find;cc->dfs->dfs_adjacency","cc->data_structures->union_find->union_find;cc->algorithm_design->dfs->dfs_adjacency",
393,"cc->check_leading_bits_of_each_byte","cc->foundation->check_leading_bits_of_each_byte","cc->computer_science_basics->bit_representation->check_leading_bits_of_each_byte",
402,"cc->monotonic_stack;cc->keep_smaller_digits","cc->stack->monotonic_stack;cc->foundation->keep_smaller_digits","cc->data_structures->stack->monotonic_stack;cc->algorithm_design->selection->keep_smaller_digits",
916,"cc->frequency_requirement_across_b","cc->foundation->frequency_requirement_across_b","cc->algorithm_design->frequency->frequency_requirement_across_b",
1400,"cc->check_number_of_odd_freq_chars","cc->foundation->check_number_of_odd_freq_chars","cc->algorithm_design->frequency->check_number_of_odd_freq_chars",
2116,"cc->greedy;cc->partial_lock_approach","cc->greedy->greedy;cc->foundation->partial_lock_approach","cc->algorithm_design->greedy->greedy;cc->computer_science_basics->partial_lock_approach",
1062,"cc->binary_search;cc->rolling_hash;cc->suffix_structures","cc->binary_search->binary_search;cc->foundation->rolling_hash;cc->foundation->suffix_structures","cc->algorithm_design->binary_search->binary_search;cc->data_structures->string->rolling_hash;cc->algorithm_design->suffix_structures",
2348,"cc->count_consecutive_zero_segments","cc->foundation->count_consecutive_zero_segments","cc->algorithm_design->array->count_consecutive_zero_segments",
2657,"cc->set_based;cc->index_based_counting","cc->foundation->set_based;cc->foundation->index_based_counting","cc->data_structures->set->set_based;cc->algorithm_design->counting->index_based_counting",
2013,"cc->hash_points_by_x_or_y","cc->foundation->hash_points_by_x_or_y","cc->algorithm_design->geometry->hash_points_by_x_or_y",
2326,"cc->spiral_fill_with_linked_list","cc->foundation->spiral_fill_with_linked_list","cc->data_structures->linkedlist->spiral_fill_with_linked_list",
3428,"cc->likely_sliding_window;cc->choose_subsequences","cc->two_pointers->likely_sliding_window;cc->foundation->choose_subsequences","cc->algorithm_design->two_pointers->likely_sliding_window;cc->algorithm_design->selection->choose_subsequences",
92,"cc->linked_list_partial_reverse","cc->linked_list->linked_list_partial_reverse","cc->data_structures->linkedlist->linked_list_partial_reverse",
271,"cc->delim;cc->length_prefix_approach","cc->foundation->delim;cc->foundation->length_prefix_approach","cc->data_structures->strings->delim;cc->algorithm_design->prefix->length_prefix_approach",
39,"cc->backtracking;cc->unlimited_usage","cc->algorithm_basics->backtracking;cc->foundation->unlimited_usage","cc->algorithm_design->backtracking->backtracking;cc->domain_specific->unlimited_usage",
1267,"cc->row_col_counting_in_a_grid","cc->foundation->row_col_counting_in_a_grid","cc->data_structures->matrix->row_col_counting_in_a_grid",
802,"cc->graph_cycle_detection","cc->graph_basics->graph_cycle_detection","cc->algorithm_design->graph->graph_cycle_detection",
61,"cc->linked_list_rotate_by_k_steps","cc->linked_list->linked_list_rotate_by_k_steps","cc->data_structures->linkedlist->linked_list_rotate_by_k_steps",
655,"cc->dfs_placing_nodes_in_the_correct_position","cc->dfs->dfs_placing_nodes_in_the_correct_position","cc->algorithm_design->dfs->dfs_placing_nodes_in_the_correct_position",
994,"cc->multi_source_bfs_from_rotten_oranges","cc->bfs->multi_source_bfs_from_rotten_oranges","cc->algorithm_design->bfs->multi_source_bfs_from_rotten_oranges",
1541,"cc->greedy_to_form_complete_pairs","cc->greedy->greedy_to_form_complete_pairs","cc->algorithm_design->greedy->greedy_to_form_complete_pairs",
2915,"cc->likely_dp;cc->backtracking_approach","cc->algorithm_basics->likely_dp;cc->algorithm_basics->backtracking_approach","cc->algorithm_design->dp->likely_dp;cc->algorithm_design->backtracking->backtracking",
2658,"cc->dfs_bfs_with_sum_of_fish","cc->dfs->dfs_bfs_with_sum_of_fish","cc->algorithm_design->dfs->dfs_bfs_with_sum_of_fish",
939,"cc->use_points_set_to_find_rectangle_corners","cc->foundation->use_points_set_to_find_rectangle_corners","cc->algorithm_design->geometry->use_points_set_to_find_rectangle_corners",
684,"cc->union_find_in_a_tree","cc->foundation->union_find_in_a_tree","cc->data_structures->union_find->union_find_in_a_tree",
373,"cc->heap;cc->k_limited_bfs","cc->foundation->heap;cc->bfs->k_limited_bfs","cc->data_structures->heap->heap;cc->algorithm_design->bfs->k_limited_bfs",
1448,"cc->dfs_track_max_so_far","cc->dfs->dfs_track_max_so_far","cc->algorithm_design->dfs->dfs_track_max_so_far",
86,"cc->linked_list_partition_by_x","cc->linked_list->linked_list_partition_by_x","cc->data_structures->linkedlist->linked_list_partition_by_x",
609,"cc->map_file_contents_list_of_paths","cc->foundation->map_file_contents_list_of_paths","cc->data_structures->map->map_file_contents_list_of_paths",
540,"cc->binary_search_on_pairs","cc->binary_search->binary_search_on_pairs","cc->algorithm_design->binary_search->binary_search_on_pairs",
300,"cc->dp;cc->patience_sorting","cc->algorithm_basics->dp;cc->foundation->patience_sorting","cc->algorithm_design->dp->dp;cc->data_structures->sorting->patience_sorting",
1838,"cc->sliding_window;cc->prefix_sums","cc->two_pointers->sliding_window;cc->prefix_sum->prefix_sums","cc->data_structures->two_pointers->sliding_window;cc->algorithm_design->prefix_sum->prefix_sums",
1926,"cc->bfs_from_the_entrance","cc->bfs->bfs_from_the_entrance","cc->algorithm_design->bfs->bfs_from_the_entrance",
516,"cc->dp_with_two_indices","cc->dp->dp_with_two_indices","cc->algorithm_design->dp->dp_with_two_indices",
1726,"cc->hash_product_list_of_pairs","cc->foundation->hash_product_list_of_pairs","cc->algorithm_design->hashing->hash_product_list_of_pairs",
213,"cc->dp_on_circular_array","cc->dp->dp_on_circular_array","cc->algorithm_design->dp->dp_on_circular_array",
981,"cc->map_of_key_list_of_timestamp_value","cc->foundation->map_of_key_list_of_timestamp_value","cc->data_structures->map->map_of_key_list_of_timestamp_value",
1248,"cc->sliding_window;cc->counting_odd_numbers","cc->two_pointers->sliding_window;cc->foundation->counting_odd_numbers","cc->data_structures->two_pointers->sliding_window;cc->algorithm_design->counting->counting_odd_numbers",
2342,"cc->map_digit_sum_top_two_values","cc->foundation->map_digit_sum_top_two_values","cc->algorithm_design->mathematics->map_digit_sum_top_two_values",
1008,"cc->recursively_with_boundaries;cc->stack","cc->recursion->recursively_with_boundaries;cc->foundation->stack","cc->programming_basics->recursion->recursively_with_boundaries;cc->data_structures->stack->stack",
364,"cc->reverse_depth_weighting","cc->foundation->reverse_depth_weighting","cc->data_structures->tree->reverse_depth_weighting",
3066,"cc->problem_specific_possibly_bfs;cc->dp","cc->bfs->problem_specific_possibly_bfs;cc->algorithm_basics->dp","cc->graph_theory->bfs->problem_specific_possibly_bfs;cc->algorithm_design->dp->dp",
602,"cc->sql_grouping_or_join","cc->sql_basics->sql_grouping_or_join","cc->database_fundamentals->sql->sql_grouping_or_join",
1352,"cc->keep_prefix_product;cc->handle_zeros","cc->prefix_product->keep_prefix_product;cc->foundation->handle_zeros","cc->algorithm_design->prefix_product->keep_prefix_product;cc->data_structures->zero_handling->handle_zeros",
1254,"cc->dfs_from_boundary_to_mark_open_water","cc->dfs->dfs_from_boundary_to_mark_open_water","cc->graph_traversal->dfs->dfs_from_boundary_to_mark_open_water",
1079,"cc->backtracking;cc->frequency_map","cc->algorithm_basics->backtracking;cc->foundation->frequency_map","cc->algorithm_design->backtracking->backtracking;cc->data_structures->hashmap->frequency_map",
277,"cc->elimination;cc->verify","cc->foundation->elimination;cc->foundation->verify","cc->problem_solving_strategies->elimination->elimination;cc->computer_science_basics->verification->verify",
1415,"cc->backtracking;cc->bfs_in_lex_order","cc->algorithm_basics->backtracking;cc->bfs->bfs_in_lex_order","cc->algorithm_design->backtracking->backtracking;cc->graph_theory->bfs->bfs_in_lex_order",
304,"cc->2d_prefix_sum","cc->prefix_sum->2d_prefix_sum","cc->algorithm_design->prefix_sum->2d_prefix_sum",
311,"cc->only_multiply_non_zero_elements","cc->foundation->only_multiply_non_zero_elements","cc->data_structures->matrix->only_multiply_non_zero_elements",
650,"cc->dp;cc->bfs_for_minimal_steps","cc->algorithm_basics->dp;cc->bfs->bfs_for_minimal_steps","cc->algorithm_design->dp->dp;cc->graph_theory->bfs->bfs_for_minimal_steps",
95,"cc->recursive_generation_of_bsts","cc->recursion->recursive_generation_of_bsts","cc->algorithm_design->recursion->recursive_generation_of_bsts",
886,"cc->graph_2_coloring","cc->graph_basics->graph_2_coloring","cc->data_structures->graph->graph_2_coloring",
487,"cc->sliding_window;cc->allowing_one_zero_flip","cc->two_pointers->sliding_window;cc->foundation->allowing_one_zero_flip","cc->data_structures->two_pointers->sliding_window;cc->algorithm_design->sliding_window->allowing_one_zero_flip",
2467,"cc->tree_dfs_with_path_constraints","cc->dfs->tree_dfs_with_path_constraints","cc->algorithm_design->dfs->tree_dfs_with_path_constraints",
221,"cc->dp_tracking_squares","cc->dp->dp_tracking_squares","cc->algorithm_design->dp->dp_tracking_squares",
740,"cc->transform_to_house_robber_on_freq_array","cc->foundation->transform_to_house_robber_on_freq_array","cc->algorithm_design->dp->transform_to_house_robber_on_freq_array",
621,"cc->greedy_scheduling_based_on_most_frequent_tasks","cc->greedy->greedy_scheduling_based_on_most_frequent_tasks","cc->algorithm_design->greedy->greedy_scheduling_based_on_most_frequent_tasks",
974,"cc->prefix_sum_mod_technique","cc->prefix_sum->prefix_sum_mod_technique","cc->algorithm_design->prefix_sum->prefix_sum_mod_technique",
3371,"cc->problem_specific_possibly_check_deviation_from_mean","cc->foundation->problem_specific_possibly_check_deviation_from_mean","cc->domain_specific->statistical_analysis->problem_specific_possibly_check_deviation_from_mean",
1524,"cc->prefix_sum_parity_counting","cc->prefix_sum->prefix_sum_parity_counting","cc->algorithm_design->prefix_sum->prefix_sum_parity_counting",
204,"cc->sieve_of_eratosthenes","cc->foundation->sieve_of_eratosthenes","cc->mathematics->number_theory->sieve_of_eratosthenes",
59,"cc->generate_n_by_n_spiral","cc->foundation->generate_n_by_n_spiral","cc->algorithm_design->matrix->generate_n_by_n_spiral",
2579,"cc->problem_statement_possibly_direct_formula_for_pattern","cc->foundation->problem_statement_possibly_direct_formula_for_pattern","cc->domain_specific->pattern_analysis->problem_statement_possibly_direct_formula_for_pattern",
2523,"cc->sieve;cc->linear_scan_for_minimal_gap","cc->foundation->sieve;cc->foundation->linear_scan_for_minimal_gap","cc->mathematics->number_theory->sieve;cc->algorithm_design->linear_scan_for_minimal_gap",
763,"cc->greedy_using_last_occurrences","cc->greedy->greedy_using_last_occurrences","cc->algorithm_design->greedy->greedy_using_last_occurrences",
